{"cameraMode":{"drawMode":0,"name":"Shaded","section":"Shading Mode"},"sceneLighting":false,"audioPlay":false,"sceneViewState":{"showFog":true,"showMaterialUpdate":false,"showSkybox":false,"showFlares":true,"showImageEffects":true,"showParticleSystems":true},"in2DMode":false,"pivot":{"x":-0.0010700374841690064,"y":0.18392407894134522,"z":-1.5378743410110474},"rotation":{"x":-0.06438389420509339,"y":0.8818576335906982,"z":-0.12625397741794587,"w":-0.44973695278167727},"size":2.4847512245178224,"orthographic":false}