{"cameraMode":{"drawMode":0,"name":"Shaded","section":"Shading Mode"},"sceneLighting":false,"audioPlay":false,"sceneViewState":{"showFog":true,"showMaterialUpdate":false,"showSkybox":false,"showFlares":true,"showImageEffects":true,"showParticleSystems":true},"in2DMode":false,"pivot":{"x":0.0,"y":-0.010846644639968872,"z":1.7300000190734864},"rotation":{"x":-0.3314829468727112,"y":0.06473780423402786,"z":-0.022808510810136796,"w":-0.9409793615341187},"size":9.662945747375489,"orthographic":false}